Country Rank,Country / Territory,CPI 2011 Score,Country Rank.1,Surveys Used,Standard Deviation,Maximum score,Minimum score,90% Confidence Interval (Lower bound),90% Confidence Interval (Higher bound),AFDB,ADB,BF_SGI,BF_TI,EIU_CRR,FH_NIT,GI_CRR,IMD2010,IMD2011,PERC2010,PERC2011,PRS_ICRG,TI_BPI,WB_CPIA,WEF2010,WEF2011,WJP_ROL
1,New Zealand,9.462681,1,9.0,0.0485994,9.698064,9.133939,9.378343,9.538873,,,9.698064,,9.133939,,9.318035,9.498153,9.48072,,,9.476295,,,9.530385,9.498153,9.530385
2,Denmark,9.39208,2,8.0,0.0546932,9.530385,9.133939,9.297147,9.476947,,,9.167364,,9.133939,,9.318035,9.530385,9.530385,,,9.476295,,,9.449851,9.530385,
2,Finland,9.403927,2,8.0,0.0689757,9.791739,9.133939,9.294209,9.520815,,,9.167364,,9.133939,,9.318035,9.48072,9.498153,,,9.791739,,,9.420731,9.420731,
4,Sweden,9.298488,4,9.0,0.0768482,9.698064,8.944249,9.171307,9.425705,,,9.698064,,9.133939,,9.318035,9.449851,9.000706,,,8.944249,,,9.48072,9.449851,9.210973
5,Singapore,9.166839,5,12.0,0.1305526,9.498153,8.092558,8.93714,9.365862,,,,8.33074,9.133939,,9.318035,9.420731,9.074059,9.48072,9.48072,8.092558,9.48072,,9.498153,9.48072,9.210973
6,Norway,8.989854,6,9.0,0.0658152,9.318035,8.65344,8.87962,9.098228,,,8.759862,,9.133939,,9.318035,8.65344,8.825305,,,8.944249,,,9.099897,9.074059,9.099897
7,Netherlands,8.894497,7,9.0,0.105207,9.318035,8.117478,8.710163,9.053493,,,8.117478,,9.133939,,9.318035,8.938204,9.099897,,,8.944249,,,8.735157,8.825305,8.938204
8,Australia,8.844156,8,11.0,0.1232545,9.420731,8.150993,8.634104,9.03912,,,8.759862,,9.133939,,9.318035,9.074059,9.420731,8.938204,8.938204,8.944249,,,8.150993,8.150993,8.456448
8,Switzerland,8.801674,8,8.0,0.216323,9.449851,7.530872,8.41923,9.127975,,,9.167364,,9.133939,,7.530872,9.099897,9.449851,,,8.092558,,,9.000706,8.938204,
10,Canada,8.672457,10,9.0,0.1528343,9.318035,8.076194,8.418767,8.924848,,,9.167364,,9.133939,,9.318035,8.735157,8.191609,,,8.944249,,,8.191609,8.293952,8.076194
11,Luxembourg,8.50703,11,8.0,0.2536243,9.099897,7.063669,8.065935,8.910046,,,8.759862,,7.063669,,7.530872,9.000706,8.938204,,,8.944249,,,8.718776,9.099897,
12,Hong Kong,8.389815,12,11.0,0.1705054,9.133939,7.337774,8.099813,8.661758,,,,,9.133939,,7.530872,8.191609,8.65344,8.076194,7.337774,8.092558,8.65344,,9.074059,8.718776,8.825305
13,Iceland,8.274027,13,8.0,0.2703263,9.476295,7.063669,7.83474,8.724485,,,9.167364,,7.063669,,7.530872,7.967392,8.076194,,,9.476295,,,8.825305,8.085124,
14,Germany,8.046144,14,10.0,0.1840346,9.133939,7.065256,7.752555,8.35391,,,8.117478,,9.133939,,7.530872,8.150993,7.871579,,,8.944249,7.871579,,7.065256,8.076194,7.699308
14,Japan,8.0409,14,12.0,0.2671987,9.074059,5.702449,7.578062,8.454067,,,5.702449,,7.063669,,7.530872,8.718776,7.967392,8.65344,8.65344,8.092558,7.442509,,8.938204,8.65344,9.074059
16,Austria,7.786903,16,10.0,0.2411189,8.944249,6.696539,7.413513,8.201601,,,8.117478,,7.063669,,7.530872,8.825305,7.065256,,,8.944249,8.076194,,7.093023,6.696539,8.456448
16,Barbados,7.773902,16,4.0,0.4016619,9.133939,7.093023,7.215398,8.62371,,,,,9.133939,,7.530872,,,,,,,,7.337774,7.093023,
16,United Kingdom,7.775084,16,10.0,0.1490973,8.293952,7.063669,7.52221,8.013598,,,8.117478,,7.063669,,7.530872,7.871579,8.150993,,,7.273821,8.191609,,8.293952,8.191609,7.065256
19,Belgium,7.487431,19,9.0,0.2100711,8.944249,6.696539,7.164905,7.853338,,,8.117478,,7.063669,,7.530872,7.065256,7.337774,,,8.944249,,,6.696539,7.315519,7.315519
19,Ireland,7.536039,19,8.0,0.231835,8.735157,6.480395,7.162666,7.921087,,,7.087936,,7.063669,,7.530872,8.076194,7.442509,,,6.480395,,,7.871579,8.735157,
21,Bahamas,7.289454,21,3.0,0.1100036,7.530872,7.063669,7.133719,7.445188,,,,,7.063669,,7.530872,,,,,7.273821,,,,,
22,Chile,7.213856,22,11.0,0.2117791,8.718776,6.292954,6.874789,7.576552,,,7.087936,6.895352,7.063669,,7.530872,7.442509,8.718776,,,8.092558,6.292954,,6.463129,7.337774,6.426892
22,Qatar,7.155269,22,7.0,0.7936602,9.318035,3.679111,5.803171,8.422897,,,,4.343517,7.063669,,9.318035,8.293952,8.735157,,,3.679111,,,8.65344,,
24,United States,7.135683,24,12.0,0.4049629,9.167364,4.511918,6.462811,7.79855,,,9.167364,,9.133939,,7.530872,6.595013,8.293952,7.337774,8.076194,7.273821,4.511918,,5.599956,5.410848,6.696539
25,France,7.005064,25,10.0,0.2656018,8.150993,5.702449,6.562427,7.437635,,,5.702449,,7.063669,,5.771078,7.337774,7.315519,,,8.092558,8.150993,,6.595013,6.322278,7.699308
25,Saint Lucia,7.018194,25,3.0,0.2550165,7.530872,6.460042,6.661251,7.375137,,,,,7.063669,,7.530872,,,,,,,6.460042,,,
25,Uruguay,7.04446,25,6.0,0.2833136,8.33074,6.322278,6.602769,7.544548,,,,8.33074,7.063669,,7.530872,,,,,6.480395,,,6.322278,6.538805,
28,United Arab Emirates,6.822888,28,8.0,0.4554553,9.000706,4.903588,6.071934,7.575165,,,,4.903588,5.057702,,7.530872,,6.595013,,,6.480395,,,7.315519,9.000706,7.699308
29,Estonia,6.353611,29,10.0,0.2911053,8.456448,5.057702,5.899011,6.847058,,,,6.895352,5.057702,6.696539,5.771078,6.696539,6.538805,,,5.207054,,,5.95148,6.265108,8.456448
30,Cyprus,6.265644,30,5.0,0.3703165,7.273821,5.010943,5.642076,6.889211,,,,,7.063669,,5.771078,,,,,7.273821,,,6.208707,5.010943,
31,Spain,6.2296,31,9.0,0.2843665,7.273821,4.468203,5.747945,6.683581,,,7.087936,,7.063669,,5.771078,6.265108,6.322278,,,7.273821,,,4.468203,5.38742,6.426892
32,Botswana,6.077882,32,7.0,0.1913055,7.063669,5.409258,5.784726,6.406175,5.729621,,,6.085847,7.063669,,5.771078,,,,,6.480395,,,5.409258,6.005304,
32,Portugal,6.097609,32,8.0,0.4208603,7.530872,4.511918,5.398237,6.760873,,,7.087936,,7.063669,,7.530872,4.681344,5.38742,,,7.273821,,,4.511918,5.24389,
32,Taiwan,6.136312,32,10.0,0.3094575,8.33074,5.057702,5.663043,6.671383,,,,8.33074,5.057702,,5.771078,7.315519,6.696539,5.50864,5.50864,5.207054,,,6.015728,5.95148,
35,Slovenia,5.870487,35,8.0,0.3941167,7.530872,4.478443,5.229213,6.537992,,,,6.595013,7.063669,6.595013,7.530872,4.73433,4.478443,,,5.207054,,,4.759503,,
36,Israel,5.80688,36,7.0,0.2672281,6.480395,4.422241,5.34265,6.234577,,,,,5.057702,,4.422241,6.208707,6.265108,,,6.480395,,,6.005304,6.208707,
36,Saint Vincent and the Grenadines,5.761158,36,3.0,0.7287493,7.530872,4.694899,4.815833,6.706482,,,,,5.057702,,7.530872,,,,,,,4.694899,,,
38,Bhutan,5.742364,38,4.0,0.2767565,6.460042,4.903588,5.292701,6.147395,,5.834747,,4.903588,,,5.771078,,,,,,,6.460042,,,
39,Malta,5.592464,39,5.0,0.2271976,6.480395,5.057702,5.237615,5.982441,,,,,5.057702,,5.771078,,,,,6.480395,,,5.24389,5.409258,
39,Puerto Rico,5.586649,39,4.0,0.4839947,7.063669,4.500907,4.818449,6.422978,,,,,7.063669,,5.771078,,,,,,,,5.010943,4.500907,
41,Cape Verde,5.524542,41,5.0,0.2935493,6.460042,4.422241,5.053227,5.969923,5.729621,,,,,,4.422241,,,,,,,6.460042,5.410848,5.599956,
41,Poland,5.482418,41,12.0,0.2959878,7.530872,3.679111,5.003172,5.974217,,,7.087936,5.444675,5.057702,5.223387,7.530872,4.511918,4.784618,,,3.679111,6.292954,,5.059172,5.507146,5.609521
43,Korea (South),5.356394,43,13.0,0.2289189,7.337774,4.078753,4.991059,5.746997,,,5.702449,6.085847,5.057702,,4.422241,6.015728,5.544832,5.046392,5.046392,5.207054,7.337774,,4.078753,4.478443,5.609521
44,Brunei,5.207397,44,4.0,0.5925981,6.463129,3.679111,4.236459,6.314613,,,,,,,4.422241,,,,,3.679111,,,6.265108,6.463129,
44,Dominica,5.17456,44,3.0,0.259273,5.771078,4.694899,4.815833,5.533286,,,,,5.057702,,5.771078,,,,,,,4.694899,,,
46,Bahrain,5.109879,46,6.0,0.6684372,7.871579,3.089837,4.066072,6.259597,,,,3.089837,5.057702,,4.422241,,,,,3.679111,,,6.538805,7.871579,
46,Macau,5.110873,46,3.0,0.7393982,6.015728,3.301163,4.206018,6.015728,,,,,,,3.301163,,,6.015728,6.015728,,,,,,
46,Mauritius,5.067148,46,6.0,0.3673723,7.063669,4.422241,4.600385,5.827822,4.778676,,,4.581388,7.063669,,4.422241,,,,,,,,4.784618,4.772294,
49,Rwanda,4.983419,49,6.0,0.7158962,7.442509,3.385403,3.781981,6.192071,3.691197,,,3.516655,,,4.422241,,,,,,,3.385403,7.442509,7.442509,
50,Costa Rica,4.798095,50,6.0,0.5888865,7.063669,2.558819,3.799911,5.823949,,,,6.085847,7.063669,,4.422241,,,,,2.558819,,,4.146078,4.511918,
50,Lithuania,4.751965,50,9.0,0.4423871,7.063669,2.558819,4.035676,5.495265,,,,6.085847,7.063669,4.512837,5.771078,5.059172,4.351213,,,2.558819,,,3.286297,4.078753,
50,Oman,4.834576,50,6.0,0.8219494,8.085124,2.56624,3.49653,6.230374,,,,2.56624,3.189486,,4.422241,,,,,3.679111,,,8.085124,7.065256,
50,Seychelles,4.82171,50,3.0,0.9740107,7.063669,2.97922,3.460227,6.183193,2.97922,,,,7.063669,,4.422241,,,,,,,,,,
54,Hungary,4.555448,54,11.0,0.414576,7.063669,2.263147,3.866152,5.238242,,,4.631373,5.444675,7.063669,4.512837,5.771078,2.263147,3.451927,,,5.207054,5.38742,,2.590103,3.786644,
54,Kuwait,4.616031,54,6.0,0.6554432,7.530872,2.56624,3.575472,5.745298,,,,2.56624,3.189486,,7.530872,,,,,5.207054,,,4.73433,4.468203,
56,Jordan,4.485752,56,9.0,0.285503,5.544832,3.089837,3.999779,4.942109,,,,3.089837,3.189486,,4.422241,5.50864,5.544832,,,5.207054,,,4.478443,4.772294,4.158941
57,Czech Republic,4.368084,57,12.0,0.2892301,5.771078,2.299972,3.868216,4.8152,,,4.631373,5.444675,5.057702,5.223387,5.771078,3.857852,4.511918,,,3.679111,4.454003,,2.299972,2.804591,4.681344
57,Namibia,4.42965,57,7.0,0.2999364,5.771078,3.189486,3.938588,4.92084,3.691197,,,4.343517,3.189486,,5.771078,,,,,5.207054,,,4.454003,4.351213,
57,Saudi Arabia,4.386654,57,5.0,0.8622078,8.076194,2.56624,3.160014,5.996861,,,,2.56624,3.189486,,4.422241,,,,,3.679111,,,8.076194,,
60,Malaysia,4.307416,60,12.0,0.3088482,6.322278,2.655763,3.799985,4.818566,,,,4.581388,3.189486,,3.301163,6.322278,5.50864,3.461776,4.454003,3.679111,2.655763,,4.681344,5.695103,4.158941
61,Cuba,4.163939,61,4.0,0.4903372,5.207054,3.089837,3.248332,5.09504,,,,3.089837,5.057702,,3.301163,,,,,5.207054,,,,,
61,Latvia,4.1943,61,7.0,0.2983202,5.057702,2.558819,3.676429,4.64995,,,,4.581388,5.057702,4.512837,4.422241,,,,,2.558819,,,3.54577,4.681344,
61,Turkey,4.206861,61,11.0,0.2214737,5.38742,3.189486,3.842314,4.566609,,,4.631373,4.581388,3.189486,,4.422241,5.38742,5.059172,,,3.679111,4.73433,,3.258844,4.099502,3.232607
64,Georgia,4.132969,64,7.0,0.4275805,6.015728,2.594364,3.457199,4.852613,,3.641587,,4.343517,,3.441543,2.594364,,,,,,,3.385403,5.50864,6.015728,
64,South Africa,4.080277,64,11.0,0.2060129,5.207054,3.188954,3.751566,4.433539,4.778676,,,3.85284,5.057702,,3.301163,4.351213,3.461776,,,5.207054,3.188954,,3.519914,4.357177,3.806581
66,Croatia,4.034245,66,10.0,0.2125861,5.207054,3.414173,3.697591,4.396039,,,,4.581388,5.057702,3.665577,4.422241,3.453649,3.414173,,,5.207054,,,3.642444,3.444569,3.453649
66,Montenegro,3.969978,66,5.0,0.5045474,5.507146,2.594364,3.125735,4.840263,,,,3.516655,,3.172552,2.594364,,,,,,,,5.507146,5.059172,
66,Slovakia,3.971617,66,10.0,0.3604174,5.771078,1.937667,3.391749,4.578434,,,3.899607,5.444675,5.057702,4.512837,5.771078,3.452058,3.050517,,,3.679111,,,1.937667,2.910913,
69,Ghana,3.85076,69,10.0,0.2849953,5.057702,2.282783,3.371998,4.315577,4.778676,,,4.343517,5.057702,,4.422241,,,,,3.679111,2.282783,4.694899,2.60653,3.453649,3.188493
69,Italy,3.906913,69,9.0,0.1948821,4.784618,3.189486,3.594722,4.235236,,,3.899607,,3.189486,,3.301163,4.478443,4.73433,,,3.679111,,,3.453649,3.641807,4.784618
69,FYR Macedonia,3.942666,69,6.0,0.209125,4.454003,3.189486,3.57644,4.269391,,,,4.343517,3.189486,4.010651,3.301163,,,,,,,,4.357177,4.454003,
69,Samoa,3.879217,69,3.0,0.3457871,4.694899,3.301163,3.414638,4.343795,,3.641587,,,,,3.301163,,,,,,,4.694899,,,
73,Brazil,3.77411,73,10.0,0.2420161,5.207054,2.804591,3.399229,4.19552,,,,4.903588,3.189486,,3.301163,2.804591,3.594368,,,5.207054,3.451927,,3.451927,3.325074,4.511918
73,Tunisia,3.759299,73,7.0,0.6704753,7.967392,2.236539,2.834091,5.057043,2.366238,,,2.236539,3.189486,,3.301163,,,,,3.679111,,,7.967392,3.575164,
75,China,3.635573,75,12.0,0.2606245,5.38742,2.236539,3.212505,4.08043,,,,2.236539,3.189486,,2.594364,3.642444,3.452058,4.454003,3.461776,2.558819,4.681344,,5.38742,4.27927,3.689353
75,Romania,3.612146,75,10.0,0.1653246,4.903588,2.811316,3.362442,3.905237,,,,4.903588,3.189486,4.010651,3.301163,3.414173,3.594368,,,3.679111,,,3.575164,2.811316,3.642444
77,Gambia,3.511906,77,6.0,0.6490144,5.695103,1.776226,2.450254,4.619687,1.776226,,,,,,2.594364,,,,,3.679111,,1.817989,5.695103,5.50864,
77,Lesotho,3.516105,77,6.0,0.440742,5.771078,2.28617,2.881567,4.327338,2.97922,,,3.516655,,,5.771078,,,,,,,3.385403,2.28617,3.158106,
77,Vanuatu,3.529686,77,3.0,0.9242341,5.771078,2.117112,2.311698,4.747675,,2.117112,,,,,5.771078,,,,,,,2.700869,,,
80,Colombia,3.446674,80,9.0,0.285852,5.207054,2.513028,3.003801,3.938504,,,,3.089837,3.189486,,3.301163,3.050517,4.681344,,,5.207054,,,2.52586,2.513028,3.461776
80,El Salvador,3.424892,80,7.0,0.1037423,3.85284,2.988145,3.255099,3.5961,,,,3.85284,3.189486,,3.301163,,,,,3.679111,,,3.441543,2.988145,3.521953
80,Greece,3.388967,80,8.0,0.26263,4.454003,2.558819,2.963418,3.824601,,,3.899607,,3.189486,,4.422241,4.454003,3.453649,,,2.558819,,,2.566966,2.566966,
80,Morocco,3.443408,80,8.0,0.3727528,5.207054,2.234744,2.850432,4.076752,2.97922,,,2.236539,3.189486,,4.422241,,,,,5.207054,2.777077,,4.500907,,2.234744
80,Peru,3.385607,80,9.0,0.1603448,4.099502,2.362608,3.111851,3.638171,,,,3.85284,3.189486,,3.301163,3.54577,4.099502,,,3.679111,,,2.362608,3.461776,2.978202
80,Thailand,3.381004,80,11.0,0.1457796,4.099502,2.558819,3.139943,3.622537,,,,3.85284,3.189486,,3.301163,4.099502,3.935257,2.655763,3.188954,2.558819,,,3.158106,3.444569,3.806581
86,Bulgaria,3.328966,86,10.0,0.2680971,5.444675,2.263147,2.923759,3.801758,,,,5.444675,3.189486,4.010651,3.301163,3.188954,2.263147,,,2.558819,,,3.461776,3.218528,2.65246
86,Jamaica,3.341237,86,7.0,0.1754407,4.158941,2.558819,3.057192,3.63367,,,,3.089837,3.189486,,3.301163,,,,,2.558819,,,3.401058,3.689353,4.158941
86,Panama,3.266199,86,6.0,0.2280886,4.422241,2.558819,2.93294,3.677591,,,,3.089837,3.189486,,4.422241,,,,,2.558819,,,3.050517,3.286297,
86,Serbia,3.312795,86,7.0,0.1957068,4.343517,2.558819,3.005779,3.646888,,,,4.343517,3.189486,3.665577,3.301163,,,,,2.558819,,,3.065501,3.065501,
86,Sri Lanka,3.295176,86,8.0,0.2335501,4.351213,2.117112,2.908844,3.677001,,2.117112,,3.089837,3.189486,,3.301163,,,,,3.679111,,2.700869,4.351213,3.932618,
91,Bosnia and Herzegovina,3.207211,91,6.0,0.1187956,3.54577,2.700869,3.011865,3.398852,,,,3.516655,3.189486,3.54577,3.301163,,,,,,,2.700869,2.989319,,
91,Liberia,3.188795,91,6.0,0.344483,4.357177,1.948407,2.613089,3.771048,4.357177,,,3.85284,,,2.594364,,,,,3.679111,,2.700869,,,1.948407
91,Trinidad and Tobago,3.170273,91,5.0,0.3223454,4.422241,2.355744,2.671455,3.736823,,,,,3.189486,,4.422241,,,,,2.558819,,,2.355744,3.325074,
91,Zambia,3.195245,91,8.0,0.313396,5.207054,2.154731,2.725567,3.752207,3.691197,,,2.56624,3.189486,,2.594364,,,,,5.207054,,2.154731,2.833813,3.325074,
95,Albania,3.052946,95,8.0,0.183317,3.96722,2.299972,2.755025,3.360783,,,,3.089837,3.189486,3.172552,2.594364,,,,,2.558819,,,3.96722,3.55132,2.299972
95,India,3.099087,95,13.0,0.1171536,3.85284,2.558819,2.907966,3.292373,,,,3.85284,3.189486,,2.594364,3.461776,2.655763,3.451927,3.451927,2.558819,3.320134,3.385403,3.114725,2.660661,2.590307
95,Kiribati,3.080074,95,3.0,0.5638683,4.422241,2.117112,2.311698,3.848451,,2.117112,,,,,4.422241,,,,,,,2.700869,,,
95,Swaziland,3.081774,95,5.0,0.0815429,3.301163,2.777077,2.940416,3.214439,2.97922,,,,3.189486,,3.301163,,,,,,,,3.161921,2.777077,
95,Tonga,3.139194,95,3.0,0.1681941,3.385403,2.731017,2.921066,3.357323,,2.731017,,,,,3.301163,,,,,,,3.385403,,,
100,Argentina,2.996074,100,10.0,0.2071715,3.679111,1.571689,2.644734,3.323044,,,,3.516655,3.189486,,2.594364,3.451927,3.188954,,,3.679111,3.642444,,1.571689,2.147911,2.978202
100,Benin,2.96985,100,7.0,0.1756939,3.691197,2.325631,2.688076,3.264183,3.691197,,,3.089837,3.189486,,2.594364,,,,,,,3.385403,2.325631,2.513028,
100,Burkina Faso,3.046324,100,7.0,0.3142995,4.778676,2.026212,2.563982,3.581281,4.778676,,,2.026212,,,2.594364,,,,,2.558819,,3.385403,3.320134,2.660661,
100,Djibouti,2.98107,100,3.0,0.5912157,4.422241,2.154731,2.225233,3.736907,2.366238,,,,,,4.422241,,,,,,,2.154731,,,
100,Gabon,2.983002,100,4.0,0.2875232,3.679111,2.084189,2.531705,3.434299,2.97922,,,,3.189486,,2.084189,,,,,3.679111,,,,,
100,Indonesia,3.02781,100,12.0,0.2675806,5.207054,1.876116,2.614758,3.49726,,,,2.56624,1.876116,,2.594364,3.857852,2.804655,2.263147,2.263147,5.207054,2.804591,,4.28454,2.833813,2.978202
100,Madagascar,3.040804,100,7.0,0.4011724,5.207054,1.776226,2.408314,3.726477,1.776226,,,3.089837,,,3.301163,,,,,5.207054,,2.154731,3.452058,2.304561,
100,Malawi,3.002285,100,8.0,0.179905,3.85284,2.084189,2.703368,3.298093,2.97922,,,3.85284,3.189486,,2.084189,,,,,2.558819,,2.700869,3.414173,3.238683,
100,Mexico,2.970855,100,11.0,0.1308167,3.679111,2.263147,2.756226,3.188836,,,3.050517,2.56624,3.189486,,3.301163,2.804655,3.54577,,,3.679111,2.263147,,2.684211,3.12722,2.467885
100,Sao Tome & Principe,2.986329,100,3.0,0.1877812,3.385403,2.594364,2.72265,3.250009,2.97922,,,,,,2.594364,,,,,,,3.385403,,,
100,Suriname,3.0286,100,3.0,0.3729722,3.932618,2.558819,2.570667,3.486533,,,,,,,2.594364,,,,,2.558819,,,,3.932618,
100,Tanzania,2.950526,100,8.0,0.1822839,3.679111,2.084189,2.631871,3.237943,2.97922,,,3.089837,3.189486,,2.084189,,,,,3.679111,,2.154731,3.188954,3.238683,
112,Algeria,2.904377,112,7.0,0.1567943,3.301163,2.04175,2.625176,3.142135,2.97922,,,3.089837,3.189486,,3.301163,,,,,2.558819,,,3.170365,2.04175,
112,Egypt,2.862187,112,7.0,0.2087864,4.099502,2.366238,2.551994,3.235781,2.366238,,,2.56624,3.189486,,2.594364,,,,,2.558819,,,4.099502,2.660661,
112,Kosovo,2.851413,112,3.0,0.0987123,3.089837,2.700869,2.721757,2.981068,,,,3.089837,,2.763531,,,,,,,,2.700869,,,
112,Moldova,2.878946,112,8.0,0.1309165,3.516655,2.464046,2.669806,3.099379,,,,3.516655,3.189486,2.464046,3.301163,,,,,2.558819,,2.700869,2.590307,2.710225,
112,Senegal,2.870529,112,10.0,0.1544795,3.935257,2.084189,2.624653,3.132568,2.97922,,,2.56624,3.189486,,2.084189,,,,,2.558819,3.050517,2.700869,3.935257,2.408084,3.232607
112,Vietnam,2.864383,112,11.0,0.1741907,3.679111,1.876116,2.57168,3.146028,,3.641587,,2.236539,1.876116,,2.084189,,,3.188954,2.655763,3.679111,,2.700869,3.180183,2.988145,3.276754
118,Bolivia,2.763231,118,7.0,0.1805967,3.385403,1.995889,2.461277,3.055748,,,,3.089837,,,3.301163,,,,,2.558819,,3.385403,2.655763,2.355744,1.995889
118,Mali,2.758701,118,7.0,0.2045865,3.385403,1.891732,2.409402,3.084975,2.97922,,,3.089837,,,3.301163,,,,,2.558819,,3.385403,1.891732,2.104733,
120,Bangladesh,2.656912,120,9.0,0.3447991,5.207054,1.876116,2.147122,3.269577,,3.641587,,2.236539,1.876116,,2.084189,,,,,5.207054,,2.700869,1.938191,1.992919,2.234744
120,Ecuador,2.650216,120,6.0,0.2153588,3.679111,1.876116,2.344863,3.011632,,,,2.56624,1.876116,,2.594364,,,,,3.679111,,,2.595361,2.590103,
120,Ethiopia,2.690912,120,9.0,0.1817961,3.641807,2.026212,2.397866,2.994646,2.366238,,,2.026212,3.189486,,2.084189,,,,,2.558819,,2.154731,3.641807,3.218528,2.978202
120,Guatemala,2.727781,120,7.0,0.1940396,3.516655,2.084189,2.403964,3.051294,,,,3.516655,3.189486,,2.084189,,,,,2.558819,,,2.219204,2.34593,3.180183
120,Iran,2.720371,120,7.0,0.3532483,4.27927,1.876116,2.159345,3.321311,,,,1.885931,1.876116,,2.084189,,,,,1.950985,,,3.689353,4.27927,3.276754
120,Kazakhstan,2.693975,120,9.0,0.3668375,4.784618,1.50348,2.128261,3.33662,,,,2.236539,1.876116,1.922519,1.50348,4.784618,4.454003,,,1.950985,,,2.539317,,2.978202
120,Mongolia,2.676712,120,8.0,0.1336771,3.301163,2.113435,2.461945,2.899315,,2.731017,,2.56624,3.189486,,3.301163,,,,,2.558819,,2.700869,2.113435,2.252666,
120,Mozambique,2.687722,120,8.0,0.1637754,3.55132,2.00972,2.428919,2.963591,2.00972,,,2.236539,3.189486,,2.594364,,,,,2.558819,,2.700869,3.55132,2.660661,
120,Solomon Islands,2.706382,120,3.0,0.2783245,3.301163,2.117112,2.311698,3.101065,,2.117112,,,,,3.301163,,,,,,,2.700869,,,
129,Armenia,2.628996,129,8.0,0.1602818,3.516655,1.950985,2.372672,2.905912,,2.117112,,3.516655,,2.811316,2.594364,,,,,1.950985,,2.700869,2.429752,2.910913,
129,Dominican Republic,2.589769,129,7.0,0.1879518,3.301163,1.839337,2.280626,2.888697,,,,2.56624,3.189486,,3.301163,,,,,2.558819,,,1.839337,2.02088,2.65246
129,Honduras,2.591903,129,7.0,0.1876747,3.54577,1.876116,2.295008,2.918522,,,,2.56624,1.876116,,2.084189,,,,,2.558819,,2.700869,2.811316,3.54577,
129,Philippines,2.644299,129,12.0,0.1854465,4.078753,1.839337,2.353281,2.969054,,,,3.089837,1.876116,,2.594364,1.839337,2.804591,2.590307,2.590307,2.558819,4.078753,,1.901029,2.28617,3.521953
129,Syria,2.557818,129,6.0,0.1597282,3.189486,1.885931,2.302364,2.81951,,,,1.885931,3.189486,,2.594364,,,,,2.558819,,,2.710225,2.408084,
134,Cameroon,2.452247,134,9.0,0.1898157,3.679111,1.876116,2.154533,2.779615,2.97922,,,2.236539,1.876116,,2.084189,,,,,3.679111,,2.154731,2.90662,2.252666,1.901029
134,Eritrea,2.475597,134,4.0,0.5560505,4.422241,1.776226,1.803652,3.154086,1.776226,,,1.885931,,,4.422241,,,,,,,1.817989,,,
134,Guyana,2.487627,134,5.0,0.1018409,2.804591,2.154731,2.316366,2.664237,,,,,,,2.594364,,,,,2.558819,,2.154731,2.804591,2.325631,
134,Lebanon,2.486844,134,7.0,0.1468396,3.189486,2.026212,2.261326,2.738043,,,,2.026212,3.189486,,2.594364,,,,,2.558819,,,2.04913,2.212817,2.777077
134,Maldives,2.470782,134,3.0,0.1469819,2.700869,2.117112,2.276196,2.665368,,2.117112,,,,,2.594364,,,,,,,2.700869,,,
134,Nicaragua,2.529546,134,7.0,0.2080919,3.679111,1.876116,2.211424,2.893844,,,,2.236539,1.876116,,2.594364,,,,,3.679111,,2.154731,2.86599,2.299972,
134,Niger,2.540459,134,5.0,0.1687389,3.089837,1.950985,2.261806,2.813854,2.366238,,,3.089837,,,2.594364,,,,,1.950985,,2.700869,,,
134,Pakistan,2.467952,134,10.0,0.1268879,3.189486,1.885931,2.256588,2.673857,,2.731017,,1.885931,3.189486,,2.594364,,,,,2.558819,2.212148,2.154731,2.777077,2.684211,1.891732
134,Sierra Leone,2.460909,134,6.0,0.1536222,2.97922,1.876116,2.197953,2.714827,2.97922,,,2.56624,1.876116,,2.084189,,,,,2.558819,,2.700869,,,
143,Azerbaijan,2.375235,143,8.0,0.1949551,3.441543,1.922519,2.060979,2.713543,,,,2.236539,3.189486,1.922519,2.084189,,,,,1.950985,,2.154731,2.021888,3.441543,
143,Belarus,2.418323,143,4.0,0.0973716,2.56624,2.084189,2.274117,2.560674,,,,2.56624,,2.464046,2.084189,,,,,2.558819,,,,,
143,Comoros,2.410707,143,3.0,0.3736117,3.301163,1.776226,1.902394,2.919019,1.776226,,,,,,3.301163,,,,,,,2.154731,,,
143,Mauritania,2.427348,143,6.0,0.1842555,3.301163,1.992919,2.143523,2.745395,2.00972,,,2.56624,,,3.301163,,,,,,,2.154731,1.992919,2.539317,
143,Nigeria,2.449336,143,10.0,0.1437733,3.189486,1.901029,2.213846,2.688546,2.366238,,,3.089837,3.189486,,2.084189,,,,,1.950985,1.938191,2.700869,2.804655,1.901029,2.467885
143,Russia,2.448757,143,11.0,0.2228715,4.478443,1.876116,2.123635,2.849312,,,,2.236539,1.876116,1.922519,2.084189,2.219204,1.938191,,,2.558819,4.478443,,2.328067,2.06163,3.232607
143,Timor-Leste,2.376135,143,5.0,0.2605403,3.258844,1.517568,1.951546,2.800723,,1.517568,,,,,2.084189,,,,,,,2.700869,2.319202,3.258844,
143,Togo,2.382138,143,5.0,0.0761471,2.594364,2.154731,2.255695,2.508581,2.366238,,,2.236539,,,2.594364,,,,,2.558819,,2.154731,,,
143,Uganda,2.433897,143,9.0,0.133586,3.189486,2.074261,2.229162,2.667326,2.366238,,,3.089837,3.189486,,2.084189,,,,,2.558819,,2.154731,2.074261,2.104733,2.282783
152,Tajikistan,2.271689,152,7.0,0.2848879,3.642444,1.481738,1.813426,2.761562,,2.117112,,1.481738,,2.252666,1.50348,,,,,,,1.817989,3.086394,3.642444,
152,Ukraine,2.296875,152,10.0,0.0990442,2.763531,1.839337,2.135612,2.460901,,,,2.236539,1.876116,2.763531,2.594364,2.655763,1.839337,,,2.558819,,,2.06163,2.147911,2.234744
154,Central African Republic,2.210424,154,4.0,0.0521467,2.366238,2.084189,2.122277,2.301388,2.366238,,,2.236539,,,2.084189,,,,,,,2.154731,,,
154,Congo  Republic,2.154337,154,6.0,0.1002416,2.558819,1.876116,1.993832,2.315129,2.366238,,,1.885931,1.876116,,2.084189,,,,,2.558819,,2.154731,,,
154,Côte d´Ivoire,2.233704,154,8.0,0.1526096,3.189486,1.817989,2.002228,2.50174,2.366238,,,1.885931,3.189486,,2.084189,,,,,2.558819,,1.817989,2.075244,1.891732,
154,Guinea-Bissau,2.201865,154,4.0,0.104936,2.558819,2.00972,2.046955,2.356775,2.00972,,,,,,2.084189,,,,,2.558819,,2.154731,,,
154,Kenya,2.24349,154,9.0,0.1218993,2.700869,1.50348,2.03475,2.435783,2.366238,,,2.56624,1.876116,,1.50348,,,,,2.558819,,2.700869,2.304561,2.319202,1.995889
154,Laos,2.213967,154,4.0,0.1575506,2.731017,1.885931,1.98506,2.519745,,2.731017,,1.885931,,,2.084189,,,,,,,2.154731,,,
154,Nepal,2.211227,154,6.0,0.0989055,2.731017,2.026212,2.076621,2.400034,,2.731017,,2.026212,,,2.084189,,,,,,,2.154731,2.05201,2.219204,
154,Papua New Guinea,2.165489,154,6.0,0.1635699,2.700869,1.50348,1.892306,2.430279,,2.117112,,2.236539,1.876116,,1.50348,,,,,2.558819,,2.700869,,,
154,Paraguay,2.217671,154,6.0,0.1670578,3.089837,1.876116,1.985558,2.530133,,,,3.089837,1.876116,,2.084189,,,,,1.950985,,,2.263147,2.04175,
154,Zimbabwe,2.229767,154,8.0,0.3685221,3.786644,0.9305564,1.627744,2.853831,1.477945,,,1.481738,3.189486,,2.084189,,,,,0.9305564,,1.367659,3.786644,3.519914,
164,Cambodia,2.110559,164,10.0,0.1483849,3.12722,1.481738,1.881608,2.370173,,2.731017,,1.481738,1.876116,,2.084189,,,1.901029,1.901029,,,1.817989,2.34593,3.12722,1.839337
164,Guinea,2.110293,164,6.0,0.1110718,2.56624,1.817989,1.938427,2.30421,2.366238,,,2.56624,1.876116,,2.084189,,,,,1.950985,,1.817989,,,
164,Kyrgyzstan,2.119878,164,8.0,0.0892493,2.594364,1.652712,1.972417,2.264243,,2.117112,,2.026212,,2.252666,2.594364,,,,,,,2.154731,2.212817,1.652712,1.948407
164,Yemen,2.080347,164,6.0,0.1243267,2.558819,1.571689,1.871814,2.27767,,,,2.236539,1.876116,,2.084189,,,,,2.558819,,2.154731,,1.571689,
168,Angola,2.005035,168,8.0,0.1016714,2.558819,1.50348,1.841519,2.174484,2.00972,,,1.885931,1.876116,,1.50348,,,,,2.558819,,2.154731,2.212148,1.839337,
168,Chad,2.040463,168,6.0,0.0547903,2.282783,1.817989,1.952614,2.128313,2.00972,,,2.026212,,,2.084189,,,,,,,1.817989,2.282783,2.021888,
168,Democratic Republic of the Congo ,2.021067,168,5.0,0.0861822,2.366238,1.817989,1.884818,2.170368,2.366238,,,1.885931,,,2.084189,,,,,1.950985,,1.817989,,,
168,Libya,2.01449,168,6.0,0.1269652,2.594364,1.652712,1.814126,2.235673,1.776226,,,2.236539,1.876116,,2.594364,,,,,1.950985,,,1.652712,,
172,Burundi,1.935236,172,6.0,0.1389261,2.532598,1.50348,1.717447,2.176514,1.776226,,,2.236539,,,1.50348,,,,,,,1.817989,2.532598,1.744585,
172,Equatorial Guinea,1.912177,172,3.0,0.0747475,2.084189,1.776226,1.809523,2.014831,1.776226,,,,1.876116,,2.084189,,,,,,,,,,
172,Venezuela,1.889497,172,9.0,0.0996869,2.34593,1.377327,1.723622,2.051462,,,,1.481738,1.876116,,2.084189,1.938191,2.219204,,,1.377327,,,1.744585,1.938191,2.34593
175,Haiti,1.799883,175,5.0,0.1379916,2.154731,1.377327,1.557565,2.034207,,,,2.026212,,,1.50348,,,,,1.377327,,2.154731,,1.937667,
175,Iraq,1.804128,175,4.0,0.0870988,1.950985,1.50348,1.689798,1.918458,,,,1.885931,1.876116,,1.50348,,,,,1.950985,,,,,
177,Sudan,1.563758,177,6.0,0.0784729,1.876116,1.367659,1.435169,1.697582,1.776226,,,1.481738,1.876116,,1.50348,,,,,1.377327,,1.367659,,,
177,Turkmenistan,1.603173,177,3.0,0.1169831,1.885931,1.420108,1.447899,1.758448,,,,1.885931,,1.420108,1.50348,,,,,,,,,,
177,Uzbekistan,1.624563,177,6.0,0.1066654,2.084189,1.367659,1.451355,1.809714,,1.517568,,1.481738,1.876116,1.420108,2.084189,,,,,,,1.367659,,,
180,Afghanistan,1.517093,180,4.0,0.1040734,1.817989,1.229336,1.366408,1.670826,,1.517568,,1.229336,,,1.50348,,,,,,,1.817989,,,
180,Myanmar,1.490296,180,4.0,0.2643764,1.950985,0.6306016,0.9606974,1.894833,,,,0.6306016,1.876116,,1.50348,,,,,1.950985,,,,,
182,Korea (North),1.009626,182,3.0,0.2428218,1.377327,0.4222137,0.6912544,1.327997,,,,1.229336,,,0.4222137,,,,,1.377327,,,,,
182,Somalia,0.9834057,182,4.0,0.2315391,1.50348,0.4222137,0.5785046,1.408866,0.4222137,,,0.6306016,,,1.50348,,,,,1.377327,,,,,
